{"training_time": 0.0009384742006659508, "accuracy": 0.9473684210526315}