{"training_time": 0.0008540399721823633, "accuracy": 0.9736842105263158}